city,temp,lat,lng,Max Temp,Humidity,Cloudiness,Wind Speed,Country,Date
Burley,0.37,42.5357,-113.7928,0.98,66,20,12.35,US,1649795105
Saint Paul Harbor,5.73,57.79,-152.4072,5.73,75,20,4.12,US,1649794582
Clyde River,-15.87,70.4692,-68.5914,-15.87,78,100,8.23,CA,1649794727
Faanui,27.96,-16.4833,-151.75,27.96,72,7,7.04,PF,1649794668
Sitka,5.94,57.0531,-135.33,5.94,28,20,3.6,US,1649794830
Kapaa,26.18,22.0752,-159.319,26.99,79,40,6.69,US,1649795106
Jamestown,17.2,42.097,-79.2353,19.73,36,0,1.34,US,1649795078
Beringovskiy,-7.46,63.05,179.3167,-7.46,94,100,6.42,RU,1649794864
Margate,12.42,51.3813,1.3862,12.71,82,100,1.34,GB,1649795107
San Jose,14.49,37.3394,-121.895,16.58,37,20,7.72,US,1649794908
Qaanaaq,-17.18,77.484,-69.3632,-17.18,91,95,2.13,GL,1649795107
Punta Arenas,10.06,-53.15,-70.9167,10.06,62,40,14.4,CL,1649794876
Lunenburg,7.04,44.3835,-64.3155,8.89,92,100,3.6,CA,1649795108
Baisha,16.69,26.5222,110.9311,16.69,94,100,2.77,CN,1649795108
Verkhoyansk,-15.55,67.5447,133.385,-15.55,95,100,1.93,RU,1649795108
Rāzole,25.69,16.4833,81.8333,25.69,92,70,1.64,IN,1649795109
Roald,4.0,62.5833,6.1333,5.18,87,0,3.6,NO,1649795109
Svetlaya,0.09,46.5389,138.3297,0.09,93,99,3.21,RU,1649795110
Muisne,25.45,0.6,-80.0333,25.45,83,97,4.8,EC,1649795110
Longyearbyen,-9.09,78.2186,15.6401,-9.09,79,75,1.03,SJ,1649794532
Kudahuvadhoo,28.89,2.6708,72.8944,28.89,74,23,5.94,MV,1649795111
Chokurdakh,-19.93,70.6333,147.9167,-19.93,96,100,2.62,RU,1649795111
Palmer,19.62,42.1584,-72.3287,20.98,43,40,5.66,US,1649794837
Butaritari,27.08,3.0707,172.7902,27.08,79,41,6.56,KI,1649794519
Bundaberg,19.56,-24.85,152.35,20.16,97,32,3.09,AU,1649795087
Bagerovo,6.71,45.3742,36.2971,6.71,73,100,7.34,UA,1649795112
Neiafu,26.38,-18.65,-173.9833,26.38,83,20,0.0,TO,1649795112
Avarua,27.03,-21.2078,-159.775,27.03,78,100,0.51,CK,1649794674
Hilo,24.7,19.7297,-155.09,27.93,77,100,3.09,US,1649794688
Zhaotong,10.78,27.3167,103.7167,10.78,89,0,1.85,CN,1649795113
Mar del Plata,16.84,-38.0023,-57.5575,17.27,74,75,5.36,AR,1649794535
Chui,20.31,-33.6971,-53.4616,20.31,51,81,3.77,UY,1649794694
Yellowknife,-13.37,62.456,-114.3525,-12.55,58,20,3.6,CA,1649794662
Pedro Juan Caballero,26.98,-22.5472,-55.7333,26.98,78,20,0.0,PY,1649795114
Tuatapere,7.86,-46.1333,167.6833,7.86,81,70,1.69,NZ,1649795115
Albany,18.42,42.6001,-73.9662,20.02,36,0,1.34,US,1649794463
New Norfolk,10.44,-42.7826,147.0587,10.95,68,6,0.45,AU,1649794702
Rikitea,26.28,-23.1203,-134.9692,26.28,69,6,7.74,PF,1649795115
Vigrestad,7.45,58.5667,5.7,8.31,55,100,8.42,NO,1649795116
Kruisfontein,18.49,-34.0033,24.7314,18.49,79,82,1.29,ZA,1649794714
Sakaraha,22.36,-22.9,44.5333,22.36,60,100,2.54,MG,1649795116
East London,19.6,-33.0153,27.9116,19.6,89,100,0.89,ZA,1649794663
Ushuaia,5.81,-54.8,-68.3,6.79,75,75,16.46,AR,1649794657
Ponta do Sol,18.3,32.6667,-17.1,18.4,73,42,2.93,PT,1649794807
Nikolskoye,1.95,59.7035,30.7861,2.67,93,100,1.41,RU,1649794736
Spokane,3.15,47.6166,-117.3677,4.31,44,100,6.69,US,1649794472
Noumea,25.0,-22.2763,166.4572,25.0,99,1,3.23,NC,1649795117
Qiyang,17.08,26.5911,111.8474,17.08,90,100,4.45,CN,1649795117
Polewali,24.48,-3.4324,119.3435,24.48,88,100,1.32,ID,1649795118
Mataura,9.15,-46.1927,168.8643,9.15,96,84,1.26,NZ,1649794578
Santiago,21.05,-33.4569,-70.6483,22.38,33,75,5.14,CL,1649794747
Fort-Shevchenko,10.19,44.5086,50.263,10.19,88,97,6.47,KZ,1649795118
Hobart,10.88,-42.8794,147.3294,11.92,81,5,3.6,AU,1649794503
Xam Nua,17.85,20.4197,104.0439,17.85,81,0,0.97,LA,1649795119
Staryy Nadym,0.38,65.6118,72.6842,0.38,96,85,4.74,RU,1649795119
Kamiiso,9.14,41.8167,140.65,9.14,96,100,1.12,JP,1649795120
Bluff,9.33,-46.6,168.3333,9.33,59,99,4.85,NZ,1649794656
Nísia Floresta,29.21,-6.0911,-35.2086,29.21,75,97,4.16,BR,1649795120
Buraidah,26.25,26.326,43.975,26.25,15,57,5.07,SA,1649794714
Marystown,7.14,47.1666,-55.1483,7.14,100,34,3.58,CA,1649795098
Onda,13.27,39.9667,-0.25,13.28,97,99,1.74,ES,1649795121
Saint-Prosper,12.16,46.2117,-70.4811,12.16,76,84,5.67,CA,1649795121
Lompoc,14.99,34.6391,-120.4579,20.31,49,0,9.39,US,1649794773
Mount Gambier,3.95,-37.8333,140.7667,3.95,93,0,0.0,AU,1649795122
San Quintín,16.5,30.4833,-115.95,16.5,51,0,10.66,MX,1649794723
Rivne,3.33,50.6231,26.2274,3.33,74,22,4.03,UA,1649795122
Pangnirtung,-11.0,66.1451,-65.7125,-11.0,79,20,2.57,CA,1649794758
Kupang,24.93,-10.1667,123.5833,24.93,85,66,1.19,ID,1649795123
Chicama,19.3,-7.8447,-79.1469,19.3,64,19,4.85,PE,1649795123
Arrondissement de Parthenay,12.49,46.6667,-0.4167,12.49,94,81,3.2,FR,1649795124
Padang,24.99,-0.9492,100.3543,24.99,88,56,1.16,ID,1649795124
Zhigansk,-15.86,66.7697,123.3711,-15.86,91,100,3.81,RU,1649794829
Taltal,18.37,-25.4,-70.4833,18.37,68,20,3.23,CL,1649794820
Oistins,28.05,13.0667,-59.5333,28.05,61,20,9.77,BB,1649795124
Barrow,-17.99,71.2906,-156.7887,-17.99,65,40,3.6,US,1649794502
Meulaboh,24.99,4.1363,96.1285,24.99,89,82,1.45,ID,1649794770
Pemba,24.39,-12.974,40.5178,24.39,94,20,5.07,MZ,1649795125
Chernyshevskiy,-13.56,63.0128,112.4714,-13.56,97,97,0.77,RU,1649794780
Rome,16.65,43.2128,-75.4557,17.75,35,0,6.69,US,1649794496
Äänekoski,-0.59,62.6946,25.818,2.04,68,100,1.27,FI,1649795126
Santoña,15.65,43.4439,-3.4576,17.0,80,5,0.09,ES,1649795126
Bahir Dar,16.58,11.5936,37.3908,16.58,79,97,3.05,ET,1649795127
Port Alfred,19.54,-33.5906,26.891,19.54,92,99,0.45,ZA,1649794675
Cape Town,16.79,-33.9258,18.4232,16.86,89,84,2.76,ZA,1649794463
Saskylakh,-25.61,71.9167,114.0833,-25.61,100,95,1.63,RU,1649794658
Vila Franca do Campo,16.23,37.7167,-25.4333,16.23,87,100,4.07,PT,1649794734
Bosobolo,26.57,4.1833,19.9,26.57,61,70,0.5,CD,1649795128
Hanzhong,12.31,33.0728,107.0303,12.31,80,49,0.52,CN,1649794880
Lagoa,16.17,39.05,-27.9833,16.17,80,86,9.28,PT,1649794651
Guerrero Negro,18.86,27.9769,-114.0611,18.86,62,30,10.33,MX,1649794815
Novikovo,12.93,51.1537,37.8879,12.93,84,100,2.3,RU,1649795128
Broken Hill,15.83,-31.95,141.4333,15.83,37,12,5.27,AU,1649794829
Atuona,26.24,-9.8,-139.0333,26.24,73,17,7.42,PF,1649794663
San Jerónimo,18.3,-11.9472,-75.2829,18.3,48,33,3.33,PE,1649795129
Busselton,13.13,-33.65,115.3333,13.13,86,0,4.07,AU,1649794655
Khakhea,20.7,-24.6895,23.494,20.7,51,59,2.86,BW,1649795129
Vestmannaeyjar,5.93,63.4427,-20.2734,5.93,70,46,10.13,IS,1649794810
Westport,20.64,41.1415,-73.3579,22.38,50,20,5.14,US,1649794543
Okhotsk,-14.51,59.3833,143.3,-14.51,86,88,4.49,RU,1649794843
Tiksi,-26.07,71.6872,128.8694,-26.07,100,99,1.95,RU,1649794665
Los Llanos de Aridane,15.62,28.6585,-17.9182,16.86,90,40,7.72,ES,1649794763
Hithadhoo,28.6,-0.6,73.0833,28.6,69,26,5.68,MV,1649794580
Nortelândia,30.03,-14.4547,-56.8028,30.03,61,83,1.02,BR,1649795130
Ribeira Grande,17.22,38.5167,-28.7,17.22,88,75,5.14,PT,1649794755
Ode,23.7,7.7899,5.7117,23.7,80,100,1.64,NG,1649795131
Vaini,28.09,-21.2,-175.2,28.09,78,20,4.12,TO,1649794581
Aktau,12.32,43.65,51.2,12.32,77,2,5.7,KZ,1649795131
Ossora,-8.87,59.2353,163.0719,-8.87,92,100,3.51,RU,1649795132
Njombe,13.36,-9.3333,34.7667,13.36,99,71,1.95,TZ,1649795030
Cidreira,22.08,-30.1811,-50.2056,22.08,90,82,3.55,BR,1649794745
Puerto Ayora,28.98,-0.7393,-90.3518,28.98,78,59,4.05,EC,1649794657
Sirte,16.27,31.2089,16.5887,16.27,66,100,10.12,LY,1649795132
Moba,11.11,33.2288,105.0179,11.11,68,100,1.04,CN,1649795133
Darhan,-1.62,49.4867,105.9228,-1.62,58,100,6.14,MN,1649795133
Saraland,24.3,30.8207,-88.0706,25.03,67,100,4.61,US,1649795133
Samarai,28.18,-10.6167,150.6667,28.18,76,93,4.35,PG,1649795134
Acapulco de Juárez,29.9,16.8634,-99.8901,29.9,66,75,4.63,MX,1649795010
Ahipara,18.65,-35.1667,173.1667,18.65,80,100,7.07,NZ,1649794760
Ilulissat,-0.99,69.2167,-51.1,-0.99,59,0,3.09,GL,1649794693
Diffa,31.22,13.3154,12.6113,31.22,37,59,2.45,NE,1649795135
Rumuruti,17.55,0.267,36.5389,17.55,67,95,3.93,KE,1649795135
Dikson,-4.52,73.5069,80.5464,-4.52,96,100,0.59,RU,1649794666
Ziro,11.23,27.6333,93.8333,11.23,93,48,0.08,IN,1649795135
Kumluca,13.41,36.3703,30.2869,13.41,52,0,2.19,TR,1649795136
Eyl,27.66,7.9803,49.8164,27.66,77,1,3.99,SO,1649795136
Cherskiy,-21.8,68.75,161.3,-21.8,89,100,1.47,RU,1649794655
Shelburne,15.6,44.0787,-80.2041,17.17,29,57,4.17,CA,1649794886
Bandarbeyla,27.45,9.4942,50.8122,27.45,80,7,2.97,SO,1649794721
Geraldton,14.23,-28.7667,114.6,14.23,94,0,0.0,AU,1649794773
Sumenep,26.27,-7.0167,113.8667,26.27,74,81,1.12,ID,1649795137
Esperance,18.05,-33.8667,121.9,18.05,87,98,5.37,AU,1649794806
Nangong,9.58,37.3581,115.3744,9.58,38,100,2.15,CN,1649795138
Castro,18.75,-24.7911,-50.0119,18.75,96,100,3.22,BR,1649794656
Ust'ye,2.0,59.6304,39.736,2.0,99,100,2.93,RU,1649795138
Stephenville,29.61,32.2207,-98.2023,31.53,46,0,5.36,US,1649795138
Terrasini,13.25,38.146,13.0844,14.01,72,0,3.09,IT,1649795139
Dimona,11.16,31.0667,35.0333,11.16,71,0,5.32,IL,1649795139
Rognan,1.7,67.0953,15.3878,3.08,88,43,3.6,NO,1649795140
Muroto-misakicho,18.45,33.2833,134.15,18.45,91,100,3.06,JP,1649794883
Tasiilaq,-1.91,65.6145,-37.6368,-1.91,79,97,2.42,GL,1649794679
Hambantota,26.63,6.1241,81.1185,26.63,83,100,3.95,LK,1649795140
Hermanus,18.37,-34.4187,19.2345,18.37,81,67,1.01,ZA,1649794587
Bredasdorp,18.86,-34.5322,20.0403,18.86,81,93,0.62,ZA,1649795141
Necochea,14.64,-38.5473,-58.7368,14.64,68,34,7.11,AR,1649794988
Qena,22.39,26.1615,32.7183,22.39,21,0,5.66,EG,1649795141
Inyonga,20.36,-6.7167,32.0667,20.36,83,78,2.19,TZ,1649795142
Arraial do Cabo,26.92,-22.9661,-42.0278,26.98,74,0,6.17,BR,1649794704
Sistranda,3.98,63.7256,8.834,3.98,69,100,3.02,NO,1649795142
Tete,24.05,-16.1564,33.5867,24.05,88,20,2.06,MZ,1649795143
Iroquois Falls,7.59,48.7669,-80.6831,7.59,65,17,5.86,CA,1649795143
George Town,27.96,5.4112,100.3354,27.96,83,40,0.0,MY,1649794672
Buchanan,26.51,5.8808,-10.0467,26.51,87,100,3.07,LR,1649795143
Yerbogachën,-10.86,61.2767,108.0108,-10.86,98,62,1.2,RU,1649795144
Dingle,22.03,10.9995,122.6711,22.03,94,100,1.28,PH,1649794726
Kaitangata,8.34,-46.2817,169.8464,8.34,81,100,2.25,NZ,1649794584
Cockburn Town,25.03,21.4612,-71.1419,25.03,79,24,10.74,TC,1649794700
Bengkulu,24.58,-3.8004,102.2655,24.58,89,96,1.25,ID,1649794679
Coquimbo,15.85,-29.9533,-71.3436,15.85,77,40,5.14,CL,1649794587
Seoni,29.83,22.0833,79.5333,29.83,31,97,3.55,IN,1649795145
Otradnoye,2.04,59.7775,30.8181,2.76,92,100,1.45,RU,1649795145
Kumul,9.86,42.8,93.45,9.86,12,100,0.95,CN,1649795146
Tilichiki,-13.07,60.4667,166.1,-13.07,91,100,5.6,RU,1649794753
Seoul,12.74,37.5683,126.9778,12.76,94,100,3.09,KR,1649794822
Nerchinskiy Zavod,-5.51,51.3088,119.61,-5.51,75,87,1.7,RU,1649795146
Port Lincoln,17.48,-34.7333,135.8667,17.48,77,20,6.43,AU,1649794812
Lebu,13.2,-37.6167,-73.65,13.2,66,0,7.33,CL,1649794705
Buenaventura,26.97,3.8801,-77.0312,26.97,89,98,3.35,CO,1649795147
Airai,16.28,-8.9266,125.4092,16.28,80,100,0.46,TL,1649794675
Nome,2.04,64.5011,-165.4064,2.31,69,100,2.06,US,1649794866
Dzhebariki-Khaya,-20.29,62.2167,135.8,-20.29,100,88,0.24,RU,1649795148
Itaituba,32.09,-4.2761,-55.9836,32.09,74,40,2.57,BR,1649795148
Kahului,27.3,20.8947,-156.47,28.01,68,40,8.23,US,1649794789
Goundam,33.31,16.4145,-3.6708,33.31,8,77,0.44,ML,1649795149
Nishifukuma,16.79,33.7667,130.4667,17.0,95,100,0.5,JP,1649795149
Vanavara,-8.62,60.34,102.2797,-8.62,96,5,0.7,RU,1649794785
Kamenka,11.78,51.3223,42.7678,11.78,75,42,6.2,RU,1649794790
Poum,25.34,-20.2333,164.0167,25.34,68,4,7.8,NC,1649794708
Severo-Kuril'sk,-2.6,50.6789,156.125,-2.6,84,90,1.72,RU,1649794730
Litovko,-6.59,49.2361,135.1742,-6.59,97,37,0.63,RU,1649795150
Muskogee,25.81,35.5834,-95.3336,26.12,62,100,10.29,US,1649795151
Galesong,23.01,-5.3166,119.3661,23.01,82,77,2.11,ID,1649795151
Beidao,8.83,34.5686,105.8933,8.83,59,12,1.38,CN,1649795151
Chapais,5.88,49.7834,-74.8492,5.88,72,46,6.12,CA,1649795152
Wangqing,1.92,43.3218,129.7634,1.92,71,100,1.33,CN,1649795152
Torbay,3.95,47.6666,-52.7314,5.16,77,100,11.83,CA,1649794732
Nanortalik,2.34,60.1432,-45.2371,2.34,67,100,1.86,GL,1649794772
Kloulklubed,28.3,7.0419,134.2556,28.3,82,38,9.15,PW,1649794681
Vardø,-2.01,70.3705,31.1107,-2.01,74,75,7.2,NO,1649794796
Gijang,14.85,35.2442,129.2139,14.85,81,100,5.91,KR,1649795153
Oga,4.47,46.4631,10.347,9.38,90,100,1.06,IT,1649794725
Kanashevo,9.31,55.2169,62.0634,9.31,70,100,4.14,RU,1649795153
Pisco,22.03,-13.7,-76.2167,22.03,60,0,11.32,PE,1649794826
Sovetskiy,2.11,61.3614,63.5842,2.11,98,100,3.61,RU,1649795154
São Luiz Gonzaga,22.77,-28.4083,-54.9608,22.77,83,85,2.97,BR,1649795096
São Joaquim,15.45,-28.2939,-49.9317,15.45,98,100,0.64,BR,1649795154
Kapoeta,27.28,4.7717,33.5903,27.28,57,100,1.65,SS,1649795155
Saint-Philippe,24.44,-21.3585,55.7679,24.77,87,95,7.69,RE,1649795155
Leningradskiy,-19.99,69.3833,178.4167,-19.99,90,88,3.7,RU,1649794677
Ndola,16.77,-12.9587,28.6366,16.77,95,24,1.61,ZM,1649795156
Anykščiai,4.05,55.5256,25.1026,4.05,72,2,2.31,LT,1649795156
Mount Isa,26.87,-20.7333,139.5,26.87,34,75,4.12,AU,1649794721
Souillac,24.21,-20.5167,57.5167,24.21,94,40,5.66,MU,1649794703
Abalak,-0.04,58.1286,68.5944,-0.04,92,60,2.73,RU,1649795157
Terney,0.62,45.0503,136.6092,0.62,89,100,1.74,RU,1649795157
Sakakah,21.76,29.9697,40.2064,21.76,22,0,4.32,SA,1649795157
Tongchuanshi,10.1,35.0806,109.0897,10.1,43,70,1.23,CN,1649795158
Chauk,29.09,20.8833,94.8167,29.09,59,2,2.9,MM,1649795158
São João da Barra,28.05,-21.6403,-41.0511,28.05,79,20,4.85,BR,1649795159
Bac Lieu,26.76,9.285,105.7244,26.76,82,76,3.38,VN,1649795159
Norman Wells,-6.98,65.282,-126.8329,-6.98,45,0,3.09,CA,1649794738
Metro,23.45,-5.1131,105.3067,23.45,93,9,2.11,ID,1649795160
Vāsudevanallūr,26.18,9.2333,77.4167,26.18,84,100,1.81,IN,1649795160
Mackenzie,-7.88,55.2999,-123.1698,-7.88,41,40,6.17,CA,1649795161
Ismailia,15.11,30.6043,32.2723,15.11,62,0,3.94,EG,1649795161
Mahébourg,24.16,-20.4081,57.7,24.16,94,40,5.66,MU,1649794678
Bonthe,26.13,7.5264,-12.505,26.13,87,93,3.44,SL,1649794660
Ternate,27.42,0.8,127.4,27.42,78,95,1.38,ID,1649795162
Tocopilla,19.69,-22.092,-70.1979,19.69,68,21,4.23,CL,1649795163
Houma,25.23,29.5958,-90.7195,26.11,80,40,8.75,US,1649795163
Davila,25.83,18.4726,120.5763,25.83,81,100,3.25,PH,1649795164
Benghazi,15.73,32.1167,20.0667,15.73,65,100,6.16,LY,1649794804
Brownsville,30.39,25.9018,-97.4975,32.27,67,100,9.26,US,1649794999
Constitución,16.75,-35.3333,-72.4167,16.75,53,71,8.37,CL,1649794588
Sur,30.31,22.5667,59.5289,30.31,30,0,3.46,OM,1649795164
Ancud,14.01,-41.8697,-73.8203,14.01,67,71,3.24,CL,1649794748
Samokov,3.03,42.3333,23.55,3.16,80,0,2.29,BG,1649795165
Grand Gaube,24.65,-20.0064,57.6608,24.65,85,5,2.24,MU,1649795165
Mahibadhoo,28.99,3.7833,72.9667,28.99,73,23,5.6,MV,1649794716
Alofi,27.94,-19.0595,-169.9187,27.94,83,40,2.57,NU,1649794731
Cabo San Lucas,29.07,22.8909,-109.9124,29.17,39,40,4.63,MX,1649794556
Thompson,0.09,55.7435,-97.8558,0.09,51,75,6.69,CA,1649794733
Kenai,3.38,60.5544,-151.2583,7.24,54,0,3.09,US,1649794519
Qaqortoq,3.97,60.7167,-46.0333,3.97,47,100,4.27,GL,1649795166
Bayonet Point,28.3,28.3267,-82.6834,31.14,58,26,2.24,US,1649795167
Markova,0.93,48.6758,24.4138,0.93,76,9,2.22,UA,1649794722
Kapuskasing,7.0,49.4169,-82.4331,10.05,39,20,8.75,CA,1649795167
Caravelas,26.34,-17.7125,-39.2481,26.34,75,96,2.32,BR,1649794696
Otane,15.01,-39.8833,176.6333,15.01,96,100,3.77,NZ,1649795168
Mossamedes,24.02,-15.1961,12.1522,24.02,75,0,1.96,AO,1649794715
Havelock,23.44,34.8791,-76.9013,28.98,68,22,5.36,US,1649794863
Nzérékoré,20.77,7.7562,-8.8179,20.77,90,100,0.35,GN,1649795168
Tual,27.72,-5.6667,132.75,27.72,78,71,2.24,ID,1649794723
Departamento de Maldonado,19.66,-34.6667,-54.9167,19.66,47,0,3.3,UY,1649795169
Kohlu,22.55,29.8962,69.252,22.55,23,44,1.08,PK,1649795169
Manturovo,6.81,58.3353,44.7619,6.81,96,90,2.19,RU,1649795170
Dingli,12.09,35.8614,14.3822,12.67,76,20,7.2,MT,1649795170
Fort Nelson,-7.23,58.8053,-122.7002,-7.23,42,75,2.57,CA,1649795171
Desert Hot Springs,18.81,33.9611,-116.5017,20.34,15,0,0.0,US,1649795171
São Filipe,21.67,14.8961,-24.4956,21.67,76,100,5.12,CV,1649794710
Coari,27.81,-4.085,-63.1414,27.81,87,92,1.45,BR,1649795172
Rio Grande,21.64,-32.035,-52.0986,23.06,73,96,6.3,BR,1649795172
Mabaruma,28.88,8.2,-59.7833,28.88,60,85,3.6,GY,1649795173
Derbent,11.52,42.0678,48.2899,11.52,79,45,5.22,RU,1649795173
Bethel,20.37,41.3712,-73.414,21.46,52,0,5.14,US,1649794661
Mangit,21.96,40.5971,70.9607,21.96,39,53,2.52,UZ,1649795174
Makhachkala,11.68,42.9764,47.5024,11.99,71,0,12.44,RU,1649795067
Whyalla,18.94,-33.0333,137.5833,18.94,68,14,2.57,AU,1649795174
Evensk,-13.46,61.95,159.2333,-13.46,74,81,5.45,RU,1649794870
Upernavik,-11.09,72.7868,-56.1549,-11.09,92,100,4.31,GL,1649794374
Hong Kong,24.47,22.2855,114.1577,25.66,88,13,1.34,HK,1649794455
Mahanoro,23.88,-19.9,48.8,23.88,86,100,2.58,MG,1649795175
Grand-Santi,26.55,4.25,-54.3833,26.55,90,100,1.81,GF,1649795176
Kabanjahe,16.57,3.1001,98.4908,16.57,96,86,1.4,ID,1649795176
San Cristobal,27.1,7.7669,-72.225,27.1,53,34,2.76,VE,1649794799
Pevek,-22.54,69.7008,170.3133,-22.54,80,100,0.88,RU,1649794663
Myaundzha,-26.76,63.0494,147.1858,-26.76,98,53,1.48,RU,1649795177
Katobu,24.07,-4.9408,122.5276,24.07,88,100,0.51,ID,1649795177
Asău,6.08,46.4333,26.4,6.09,63,100,1.63,RO,1649794782
Tezu,21.32,27.9167,96.1667,21.32,70,23,1.96,IN,1649794839
Zhezkazgan,12.25,47.8043,67.7144,12.25,58,83,1.59,KZ,1649795178
Ol'ga,1.67,43.7444,135.2892,1.67,84,100,2.1,RU,1649795178
Puerto del Rosario,18.86,28.5004,-13.8627,18.86,63,20,7.72,ES,1649795178
Praia,21.3,14.9215,-23.5087,21.3,68,75,8.75,CV,1649794775
Myanaung,27.63,18.2833,95.3167,27.63,62,2,0.44,MM,1649795179
Berlevåg,-1.03,70.8578,29.0864,-1.03,74,75,8.23,NO,1649794819
Mayumba,25.59,-3.432,10.6554,25.59,89,41,2.04,GA,1649795180
Khatanga,-21.58,71.9667,102.5,-21.58,94,52,3.42,RU,1649794677
Salalah,27.05,17.0151,54.0924,27.05,89,40,0.51,OM,1649794771
Portland,6.17,45.5234,-122.6762,8.74,87,75,3.6,US,1649794420
Taoudenni,31.3,22.6783,-3.9836,31.3,6,54,1.35,ML,1649794878
Santiago del Estero,20.3,-27.7951,-64.2615,20.3,85,99,4.34,AR,1649795180
Makokou,22.71,0.5738,12.8642,22.71,91,76,1.01,GA,1649795181
Non Sang,27.88,16.8687,102.5664,27.88,55,54,1.5,TH,1649795181
Gweru,16.16,-19.45,29.8167,16.16,88,43,2.68,ZW,1649795182
Havre-St-Pierre,3.2,50.2334,-63.5986,3.2,65,100,2.57,CA,1649795101
Northam,11.77,51.0333,-4.2167,12.44,94,100,4.78,GB,1649795183
Crotone,11.77,39.0851,17.1178,11.77,73,98,2.46,IT,1649795183
Itatinga,22.82,-23.1017,-48.6158,22.82,88,66,2.0,BR,1649795184
Bubaque,23.64,11.2833,-15.8333,23.64,79,100,7.63,GW,1649795184
Shahreza,18.0,32.0339,51.8794,18.0,19,89,2.51,IR,1649795184
Saint-Joseph,23.87,-21.3667,55.6167,24.21,85,55,7.67,RE,1649795185
Dindori,27.92,22.95,81.0833,27.92,23,90,0.64,IN,1649795185
Ballina,18.11,-28.8667,153.5667,19.1,100,75,0.51,AU,1649795185
La Ronge,-7.86,55.1001,-105.2842,-6.88,45,75,5.66,CA,1649795186
Oranjestad,29.97,12.524,-70.027,29.97,66,20,11.32,AW,1649795186
Novobirilyussy,-8.33,56.9514,90.6661,-8.33,98,74,1.3,RU,1649795187
Mindelo,21.75,16.8901,-24.9804,21.75,60,75,11.83,CV,1649795187
Yulara,29.91,-25.2406,130.9889,29.91,23,96,4.63,AU,1649794751
Coyhaique,10.97,-45.5752,-72.0662,10.97,58,75,3.6,CL,1649794590
Srednekolymsk,-24.3,67.45,153.6833,-24.3,100,81,0.44,RU,1649795188
Ustka,5.44,54.5805,16.8619,5.44,68,100,4.46,PL,1649795188
Wukari,23.85,7.85,9.7833,23.85,81,100,4.37,NG,1649795188
Preeceville,-5.16,51.95,-102.6677,-5.16,78,100,5.58,CA,1649795189
Yar-Sale,1.58,66.8333,70.8333,1.58,99,100,5.91,RU,1649794818
Obo,22.07,5.3998,26.4869,22.07,85,68,1.25,CF,1649795189
San Patricio,28.43,28.017,-97.5169,33.42,56,48,8.69,US,1649794686
Urengoy,0.79,65.9667,78.3667,0.79,98,100,6.95,RU,1649795190
Homer,5.94,59.6425,-151.5483,7.93,61,0,1.54,US,1649795190
Fougères,11.92,48.35,-1.2,11.92,94,78,2.0,FR,1649795191
Port Blair,26.02,11.6667,92.75,26.02,94,20,1.03,IN,1649794664
Udachny,-14.95,66.4167,112.4,-14.95,100,98,1.26,RU,1649794667
Maryborough,20.06,-25.5333,152.7,20.06,95,22,2.22,AU,1649795124
Togur,-3.65,58.3631,82.8265,-3.65,100,95,0.59,RU,1649794762
Balkanabat,27.89,39.5108,54.3671,27.89,18,12,6.19,TM,1649795191
La Roche-sur-Yon,12.15,46.6667,-1.4333,12.15,76,0,1.54,FR,1649795192
Tuktoyaktuk,-10.0,69.4541,-133.0374,-10.0,67,20,6.69,CA,1649794724
Esim,27.53,4.8699,-2.2405,27.53,81,100,5.09,GH,1649794585
Capitán Bado,25.7,-23.2667,-55.5333,25.7,75,66,4.24,PY,1649795192
Takoradze,27.53,4.8845,-1.7554,27.53,81,100,4.93,GH,1649795180
Gigmoto,25.61,13.7796,124.39,25.61,88,98,4.07,PH,1649795193
Kirovskiy,0.98,45.0917,133.5136,0.98,80,79,0.92,RU,1649795193
Marzuq,23.46,14.4,46.4667,23.46,23,0,3.15,YE,1649794743
Olafsvik,2.88,64.8945,-23.7142,2.88,75,36,6.11,IS,1649794825
Horqueta,24.79,-23.3428,-57.0597,24.79,92,71,2.38,PY,1649795194
Hearst,9.14,49.6835,-83.6665,9.14,66,20,4.96,CA,1649795194
Neuquén,18.94,-38.9516,-68.0591,18.94,24,0,7.2,AR,1649795164
Vila,7.06,42.0304,-8.1588,7.49,91,26,1.68,PT,1649794667
Katsuura,16.77,35.1333,140.3,16.77,95,8,5.51,JP,1649794741
Ulladulla,13.5,-35.35,150.4667,13.5,80,82,3.33,AU,1649795195
Carnarvon,16.04,-24.8667,113.6333,16.04,77,0,4.12,AU,1649794694
Zlatograd,5.59,41.3833,25.1,5.59,75,4,1.27,BG,1649795196
Guanhães,24.71,-18.775,-42.9325,24.71,73,60,1.98,BR,1649795196
Hasaki,13.22,35.7333,140.8333,13.22,93,7,5.33,JP,1649794682
Te Anau,5.58,-45.4167,167.7167,5.58,90,72,0.71,NZ,1649795197
Kununurra,23.99,-15.7667,128.7333,23.99,94,100,3.09,AU,1649795197
Makaha,25.96,21.4694,-158.2175,27.95,78,100,4.12,US,1649795197
Aden,27.99,12.7794,45.0367,27.99,67,0,4.44,YE,1649794732
Saint George,12.61,37.1041,-113.5841,12.75,11,0,6.17,US,1649794719
Kushiro,5.75,42.975,144.3747,5.75,84,100,5.39,JP,1649795198
Santa Ana,20.73,33.7456,-117.8678,23.17,16,20,5.14,US,1649794920
Naryan-Mar,-1.55,67.6713,53.087,-1.55,92,99,4.47,RU,1649795022
Zverinogolovskoye,8.64,54.4586,64.8542,8.64,49,100,6.99,RU,1649795198
Beisfjord,2.03,68.3751,17.5988,2.03,95,80,2.37,NO,1649795199
Port Elizabeth,19.62,-33.918,25.5701,19.62,89,0,3.6,ZA,1649794701
Katakwi,20.96,1.8911,33.9661,20.96,75,100,0.99,UG,1649795199
Itoman,22.91,26.1247,127.6694,23.01,92,20,4.12,JP,1649795199
Bilibino,-16.27,68.0546,166.4372,-16.27,69,100,1.49,RU,1649794678
Half Moon Bay,13.04,37.4636,-122.4286,16.6,52,0,9.26,US,1649794820
Venafro,10.99,41.4834,14.0451,12.4,42,100,1.9,IT,1649795200
Virginia Beach,25.69,36.8529,-75.978,27.03,44,75,3.6,US,1649795091
Korla,14.83,41.7597,86.1469,14.83,19,100,5.2,CN,1649795200
Karoi,17.13,-16.8099,29.6925,17.13,92,10,0.8,ZW,1649795201
Elverum,2.0,60.8819,11.5623,2.0,90,100,0.69,NO,1649795201
Salym,-0.7,60.0625,71.4789,-0.7,99,86,1.81,RU,1649795202
Jensen Beach,25.66,27.2545,-80.2298,27.79,61,75,6.69,US,1649795202
Indaparapeo,26.38,19.7833,-100.9667,26.38,28,75,0.0,MX,1649795202
Voznesen'ye,0.43,61.0106,35.4781,0.43,94,100,0.45,RU,1649795203
Aykhal,-15.72,66.0,111.5,-15.72,100,100,1.36,RU,1649794836
Kavieng,27.7,-2.5744,150.7967,27.7,74,29,4.34,PG,1649794658
Arkhangelsk,0.06,64.5401,40.5433,0.06,86,40,0.0,RU,1649795056
Codrington,11.37,-38.2667,141.9667,11.37,88,68,0.8,AU,1649794747
Basse,14.28,52.5518,9.5069,15.13,48,0,3.6,DE,1649795204
Gushikawa,21.7,26.3544,127.8686,22.57,91,40,3.6,JP,1649795204
Xinqing,-2.41,48.2333,129.5,-2.41,78,12,1.02,CN,1649795204
Anito,25.1,12.4497,125.2886,25.1,91,100,4.13,PH,1649795205
Rawson,17.75,-43.3002,-65.1023,17.75,27,47,7.3,AR,1649794823
Harper,27.22,4.375,-7.7169,27.22,83,100,3.27,LR,1649795206
Vila Velha,27.19,-20.3297,-40.2925,28.97,81,40,4.63,BR,1649795067
Potchefstroom,16.86,-26.7167,27.1,16.86,55,97,1.8,ZA,1649795206
Eureka,10.67,40.8021,-124.1637,11.25,64,75,2.24,US,1649795207
George Town,26.09,5.4112,100.3354,27.96,92,40,1.03,MY,1649795207
Narsaq,6.12,60.9167,-46.05,6.12,48,100,4.49,GL,1649794729
Puerto Nariño,32.23,-3.7703,-70.3831,32.23,54,91,1.39,CO,1649795207
Shizuishan,6.39,39.2333,106.7694,6.39,12,37,4.3,CN,1649795208
Nānākuli,26.37,21.3906,-158.1547,27.97,67,100,4.12,US,1649795208
Ugoofaaru,28.77,5.6667,73.0,28.77,72,34,3.05,MV,1649795208
Waipawa,12.46,-41.4122,175.5153,12.46,77,100,5.77,NZ,1649795209
Lavrentiya,-7.7,65.5833,-171.0,-7.7,86,100,4.43,RU,1649795210
Yeniseysk,-7.37,58.4497,92.1703,-7.37,99,63,0.59,RU,1649795210
Vostok,-2.45,46.4856,135.8833,-2.45,91,100,0.95,RU,1649795210
Broome,17.24,42.2506,-75.833,18.72,41,0,4.63,US,1649794806
Lima,21.88,-12.0432,-77.0282,21.88,79,20,5.66,PE,1649795211
Adiaké,26.83,5.2863,-3.304,26.83,83,100,4.27,CI,1649795211
Hofn,2.89,64.2539,-15.2082,2.89,75,72,8.5,IS,1649794745
Sobolevo,1.49,54.4299,31.8996,1.49,98,100,8.91,RU,1649795212
Turukhansk,0.37,65.8167,87.9833,0.37,98,100,6.08,RU,1649794740
Naze,20.51,28.3667,129.4833,20.51,90,15,2.7,JP,1649795212
Kosh-Agach,-3.46,50.0,88.6667,-3.46,68,0,1.37,RU,1649794708
Shakawe,22.05,-18.3667,21.85,22.05,53,88,0.87,BW,1649795212
Along,19.32,28.1667,94.7667,19.32,92,36,0.92,IN,1649795213
Planaltina,25.34,-15.4528,-47.6142,25.34,65,96,0.88,BR,1649795213
Marsá Maţrūḩ,15.11,31.3525,27.2453,15.11,55,0,6.17,EG,1649795172
Newala,19.91,-10.9431,39.2787,19.91,98,100,1.85,TZ,1649795214
Kiruna,-5.49,67.8557,20.2251,-5.49,93,20,2.06,SE,1649795214
Rocha,19.4,-34.4833,-54.3333,19.4,49,1,3.24,UY,1649795066
Payo,22.66,-3.7508,103.6372,22.66,98,94,0.64,ID,1649795214
Yermekeyevo,4.86,54.0761,53.6712,4.86,92,44,2.4,RU,1649795215
Ak-Dovurak,2.11,51.1833,90.6,2.11,61,48,1.21,RU,1649795215
Amahai,25.56,-3.3333,128.9167,25.56,83,99,1.65,ID,1649795215
Kazanskaya,6.0,45.4106,40.4361,6.0,80,100,10.27,RU,1649795216
Ushtobe,12.91,45.2514,77.9838,12.91,30,100,4.13,KZ,1649794712
Sokone,24.23,13.8833,-16.3667,24.23,56,77,6.09,SN,1649795216
Ostrovnoy,-4.74,68.0531,39.5131,-4.74,92,14,5.03,RU,1649794724
Pudozh,0.9,61.8099,36.5345,0.9,100,100,0.67,RU,1649795217
San Miguel de Tucumán,23.0,-26.8241,-65.2226,23.0,78,75,3.6,AR,1649795209
Provideniya,-6.42,64.3833,-173.3,-6.42,90,100,7.76,RU,1649794698
Alekseyevka,13.45,50.6309,38.6903,13.45,78,100,1.81,RU,1649795217
Omsukchan,-25.25,62.5333,155.8,-25.25,100,98,1.92,RU,1649795217
İskele,7.05,39.484,26.9278,7.05,81,0,3.6,TR,1649795218
Dunedin,12.11,-45.8742,170.5036,12.11,65,8,2.68,NZ,1649794670
College,3.53,64.8569,-147.8028,4.21,36,20,5.14,US,1649795218
Monrovia,22.87,6.3005,-10.7969,22.87,87,100,3.09,LR,1649794990
Arman',-14.84,59.7,150.1667,-14.84,80,90,3.59,RU,1649795219
Berdigestyakh,-16.13,62.0989,126.6992,-16.13,100,99,0.39,RU,1649795219
Sisimiut,-0.61,66.9395,-53.6735,-0.61,70,37,3.5,GL,1649794795
Nizhnevartovsk,0.01,60.9344,76.5531,0.01,59,0,0.0,RU,1649795220
Les Cayes,28.44,18.2,-73.75,28.44,64,15,4.08,HT,1649795221
Maiduguri,32.38,11.8464,13.1603,32.38,31,82,2.06,NG,1649795221
Ixtapa,26.57,20.7,-105.2,26.57,61,40,6.69,MX,1649794686
Poronaysk,-3.23,49.2167,143.1167,-3.23,91,98,2.77,RU,1649795221
Vågåmo,-0.43,61.8751,9.0967,-0.43,87,100,1.43,NO,1649795222
Buala,26.94,-8.145,159.5921,26.94,78,56,3.31,SB,1649794847
Winneba,27.72,5.3511,-0.6231,27.72,79,100,5.73,GH,1649795222
Erzin,10.05,36.9559,36.2,10.05,47,2,1.95,TR,1649794711
Wuwei,5.46,37.9281,102.6414,5.46,20,95,1.71,CN,1649795223
Viedma,14.26,-40.8135,-62.9967,14.26,47,69,7.21,AR,1649795223
Nakhon Phanom,25.16,17.3333,104.4167,25.16,68,64,1.91,TH,1649795224
Russell,26.66,32.3502,-85.1999,27.29,50,0,4.63,US,1649795224
Zeya,-3.26,53.75,127.2667,-3.26,73,100,1.75,RU,1649795225
Okato,17.17,-39.2,173.8833,17.17,80,100,6.47,NZ,1649795225
Bonfim,31.95,3.0833,-59.95,31.95,48,99,3.42,BR,1649794733
Mombetsu,0.81,44.3525,143.3525,0.81,99,100,3.9,JP,1649795226
Bārmer,24.29,25.75,71.3833,24.29,44,0,3.8,IN,1649795226
Luangwa,22.65,-15.6167,30.4167,22.65,74,0,0.42,ZM,1649795227
Bambous Virieux,24.14,-20.3428,57.7575,24.56,94,40,5.66,MU,1649794788
Yaan,25.34,7.3833,8.5667,25.34,77,97,3.83,NG,1649795227
Hualmay,21.95,-11.0964,-77.6139,21.95,74,16,5.25,PE,1649795227
Aksu,17.47,41.1231,80.2644,17.47,26,100,2.12,CN,1649795228
North Bay,13.01,46.3168,-79.4663,13.43,40,75,8.23,CA,1649795228
Bodden Town,29.08,19.2833,-81.25,29.44,68,75,7.2,KY,1649795229
Khandyga,-21.4,62.6667,135.6,-21.4,100,94,0.77,RU,1649795229
Raudeberg,3.27,61.9875,5.1352,6.37,73,100,3.26,NO,1649795229
Bobrovka,4.7,54.047,61.7455,4.7,85,44,4.23,RU,1649795230
Gladstone,22.96,-23.85,151.25,22.96,78,0,2.57,AU,1649795230
Berezovyy,-4.84,51.6667,135.7,-4.84,98,100,1.36,RU,1649795231
Ayr,7.91,55.4627,-4.6339,7.99,93,100,5.14,GB,1649795231
Lüderitz,16.22,-26.6481,15.1594,16.22,85,3,1.8,NA,1649794807
Marathon,14.06,44.9,-89.7668,15.74,35,0,9.26,US,1649795232
Kovvūr,26.28,17.0167,81.7333,26.28,87,72,0.85,IN,1649795232
Cascavel,18.78,-24.9558,-53.4553,18.78,94,100,3.6,BR,1649795233
St. George's,29.82,12.0564,-61.7485,29.82,62,20,9.26,GD,1649794764
Rafai,23.74,4.95,23.9167,23.74,69,34,0.92,CF,1649794836
Port Hawkesbury,9.5,45.6169,-61.3485,11.05,40,0,3.09,CA,1649795233
Rancho Palos Verdes,17.71,33.7445,-118.387,21.91,37,0,10.29,US,1649795234
Storslett,-1.0,69.7678,21.0247,-1.0,93,100,1.54,NO,1649795234
Petropavlovsk-Kamchatskiy,-5.67,53.0452,158.6483,-5.67,74,0,3.0,RU,1649795234
Vao,24.35,-22.6667,167.4833,24.35,72,2,5.24,NC,1649794776
Sabang,28.25,5.8933,95.3214,28.25,74,29,4.21,ID,1649795235
Porto Belo,24.44,-27.1578,-48.5531,27.6,85,94,3.5,BR,1649795235
Ust-Kuyga,-22.41,70.0167,135.6,-22.41,100,100,0.44,RU,1649795236
Sorrento,12.1,40.626,14.3744,13.22,74,0,1.54,IT,1649795236
Lorengau,26.63,-2.0226,147.2712,26.63,78,11,2.19,PG,1649794707
Kota Belud,23.5,6.351,116.4305,23.5,84,100,2.23,MY,1649795237
Fortuna,10.34,40.5982,-124.1573,11.63,73,100,3.6,US,1649794822
Bathsheba,28.34,13.2167,-59.5167,28.34,61,20,9.77,BB,1649794787
Conceição do Araguaia,29.59,-8.2578,-49.2647,29.59,72,96,1.61,BR,1649794860
Atar,30.78,20.5169,-13.0499,30.78,13,45,4.52,MR,1649794811
Toktogul,15.39,41.8708,72.9402,15.39,68,95,1.46,KG,1649795237
Kavaratti,29.05,10.5669,72.642,29.05,71,100,2.39,IN,1649795238
Farafangana,23.31,-22.8167,47.8333,23.31,88,51,4.49,MG,1649795238
Kunágota,8.95,46.4333,21.05,9.06,59,89,3.19,HU,1649795238
Kidal,32.87,18.4411,1.4078,32.87,7,1,5.55,ML,1649795239
Iisalmi,-1.57,63.5592,27.1907,-1.57,96,98,0.3,FI,1649795239
Alice Springs,20.68,-23.7,133.8833,20.68,32,6,0.0,AU,1649795219
Oussouye,24.1,12.485,-16.5469,24.1,73,35,4.75,SN,1649794844
Bahía Honda,28.56,22.9036,-83.1592,28.56,47,3,6.19,CU,1649795240
Byron Bay,17.98,-28.65,153.6167,18.3,82,97,3.78,AU,1649795215
Copiapó,15.83,-27.3667,-70.3333,15.83,34,0,3.51,CL,1649795242
Laas,11.8,46.6166,10.7002,13.49,88,100,0.46,IT,1649794789
Igarka,1.4,67.4667,86.5833,1.4,100,100,6.0,RU,1649795243
Krasnosel'kup,0.74,65.7,82.4667,0.74,96,100,7.75,RU,1649795244
Ludvika,0.89,60.1496,15.1878,1.3,93,100,0.47,SE,1649795244
Comodoro Rivadavia,16.92,-45.8667,-67.5,16.92,36,0,8.75,AR,1649794992
Yumen,5.35,40.2833,97.2,5.35,13,100,7.48,CN,1649794747
Kuytun,-2.66,54.3419,101.5036,-2.66,69,100,1.68,RU,1649795245
Álamos,29.44,27.0167,-108.9333,29.44,24,0,4.45,MX,1649795245
Tavda,0.5,58.0425,65.2726,0.5,91,100,2.7,RU,1649795246
Abhā,18.14,18.2164,42.5053,19.9,39,0,3.09,SA,1649795247
Oriximiná,27.06,-1.7656,-55.8661,27.06,83,100,0.54,BR,1649795055
Flinders,13.8,-34.5833,150.8552,14.1,86,47,3.93,AU,1649795248
Henties Bay,18.52,-22.116,14.2845,18.52,79,100,3.06,NA,1649794728
Gorontalo,23.61,0.5412,123.0595,23.61,93,79,1.1,ID,1649795249
Lumeje,22.37,-11.55,20.7833,22.37,68,100,2.14,AO,1649795252
Llanes,14.38,43.4198,-4.7549,14.38,80,73,1.72,ES,1649795252
Mehamn,-1.05,71.0357,27.8492,-1.05,72,97,7.24,NO,1649794720
Sola,27.7,-13.8833,167.55,27.7,67,46,3.35,VU,1649795252
Matagami,7.06,49.7502,-77.6328,7.06,33,75,9.77,CA,1649794731
Valley City,-0.71,46.9233,-98.0032,-0.71,100,100,13.89,US,1649795253
Soyo,26.28,-6.1349,12.3689,26.28,89,88,2.96,AO,1649795106
Presque Isle,9.18,46.6811,-68.0159,9.43,70,75,0.0,US,1649795253
Lyubech,3.04,51.7026,30.6569,3.04,95,100,9.05,UA,1649795254
Yuzhnyy,2.21,53.2542,83.6936,2.21,44,0,5.0,RU,1649795254
Erenhot,4.1,43.6475,111.9767,4.1,41,99,7.7,CN,1649795255
Pangody,1.21,65.85,74.4859,1.21,99,100,6.37,RU,1649795257
Inhambane,24.53,-23.865,35.3833,24.53,88,1,2.25,MZ,1649795260
Nouadhibou,18.99,20.931,-17.0347,18.99,77,3,9.26,MR,1649794824
Sept-Îles,1.7,50.2001,-66.3821,1.7,92,100,1.54,CA,1649795261
Pizarro,26.77,4.9533,-77.366,26.77,87,100,3.82,CO,1649795261
Dudinka,0.9,69.4058,86.1778,0.9,97,100,8.75,RU,1649795262
Rabo de Peixe,15.73,37.8,-25.5833,15.73,88,40,4.63,PT,1649795262
Lincoln,31.39,40.8,-96.667,32.23,35,0,16.98,US,1649795261
Moyale,21.4,3.5167,39.0584,21.4,74,29,1.01,KE,1649795263
Kahama,19.57,-3.8333,32.6,19.57,69,45,2.14,TZ,1649795263
Deputatsky,-18.26,69.3,139.9,-18.26,97,100,1.07,RU,1649794809
Leh,0.39,34.1667,77.5833,0.39,70,100,2.43,IN,1649794691
Orodara,30.38,10.9492,-4.9342,30.38,35,67,1.42,BF,1649795264
Saint-Augustin,1.75,51.226,-58.6502,1.75,100,90,2.3,CA,1649794768
Saint-Pierre,24.3,-21.3393,55.4781,24.95,81,20,10.8,RE,1649794827
Karratha,26.78,-20.7377,116.8463,26.78,34,2,1.5,AU,1649794861
Esso,-6.43,55.9333,158.7,-6.43,94,100,0.95,RU,1649795264
Caronport,-5.9,50.4501,-105.8179,-5.89,41,100,7.16,CA,1649795265
Walvis Bay,14.53,-22.9575,14.5053,15.05,88,100,1.03,NA,1649795266
Port-Gentil,27.2,-0.7193,8.7815,27.2,83,34,4.82,GA,1649795266
Kyra,-2.45,49.5776,111.9753,-2.45,49,100,1.5,RU,1649794864
Saint Anthony,10.92,45.0205,-93.218,11.96,57,100,7.2,US,1649794725
Kutum,26.59,14.2,24.6667,26.59,10,0,4.18,SD,1649794833
Dauphin,-2.92,51.1494,-100.0502,-2.92,63,100,5.14,CA,1649795221
Springville,2.09,40.1652,-111.6107,3.79,48,100,2.06,US,1649795267
Lopare,10.5,44.6378,18.8428,10.94,68,6,1.39,BA,1649795267
Muyezerskiy,-1.66,63.9333,31.65,-1.66,95,80,1.02,RU,1649794779
São Paulo de Olivença,29.12,-3.3783,-68.8725,29.12,75,99,1.34,BR,1649795268
Ca Mau,24.94,9.1769,105.15,24.94,89,15,1.72,VN,1649795268
Puerto Escondido,28.46,15.85,-97.0667,28.46,65,75,4.63,MX,1649795269
Bilma,31.41,18.6853,12.9164,31.41,8,0,4.08,NE,1649794672
Polunochnoye,0.98,60.8697,60.4153,0.98,99,100,2.21,RU,1649795269
Ukiah,10.25,39.1502,-123.2078,11.17,64,75,5.14,US,1649795270
Bintulu,25.23,3.1667,113.0333,25.23,94,20,2.57,MY,1649795270
Adrar,29.5,20.5022,-10.0711,29.5,9,68,4.11,MR,1649795270
Lodwar,31.17,3.1191,35.5973,31.17,38,52,4.1,KE,1649795271
Saldanha,17.14,-33.0117,17.9442,17.14,87,94,4.72,ZA,1649794736
Horta,16.8,38.5333,-28.6333,16.8,88,75,5.14,PT,1649794762
Gaur,27.8,26.7667,85.2667,27.8,55,94,4.33,NP,1649795271
Eséka,24.07,3.65,10.7667,24.07,97,64,1.27,CM,1649795272
Nha Trang,24.0,12.25,109.1833,24.0,90,13,1.63,VN,1649795272
Kondinskoye,1.07,59.6481,67.41,1.07,98,100,2.86,RU,1649795273
Inongo,25.14,-1.95,18.2667,25.14,73,14,1.17,CD,1649795273
Bonavista,0.47,48.6499,-53.1147,0.47,96,100,13.63,CA,1649795274
Sibolga,24.32,1.7427,98.7792,24.32,88,29,1.53,ID,1649794780
Ashoknagar,30.74,24.5667,77.7167,30.74,18,26,4.06,IN,1649795274
Bojnourd,10.97,37.4747,57.329,10.97,66,0,1.03,IR,1649795275
Karasjok,-6.73,69.4719,25.5112,-6.73,94,88,1.81,NO,1649795275
Husavik,1.56,66.0449,-17.3389,1.56,75,100,5.82,IS,1649794876
Menongue,17.78,-14.6585,17.691,17.78,87,100,0.85,AO,1649795275
Santa Maria,26.61,-29.6842,-53.8069,26.61,61,40,3.09,BR,1649795276
Barra do Garças,33.32,-15.89,-52.2567,33.32,58,40,0.0,BR,1649795276
Cairns,24.97,-16.9167,145.7667,24.97,78,40,4.63,AU,1649795117
Kuruman,15.0,-27.4524,23.4325,15.0,50,0,1.02,ZA,1649795277
Kānker,27.79,20.2719,81.4931,27.79,42,59,2.97,IN,1649795277
San Vicente,17.4,-26.6167,-54.1333,17.4,100,100,1.13,AR,1649795278
Carbondale,23.63,37.7273,-89.2168,24.0,79,75,6.69,US,1649795278
Sheboygan,13.62,43.7333,-87.9334,15.99,51,0,7.2,US,1649795178
Winslow,16.1,35.0242,-110.6974,16.1,17,0,9.26,US,1649795279
Laohekou,13.13,32.3858,111.6678,13.13,82,100,2.17,CN,1649795279
Kyabé,30.04,9.4515,18.9449,30.04,44,99,0.76,TD,1649795280
Bolkhov,7.08,53.4433,36.0044,7.08,97,100,6.0,RU,1649795280
Isangel,26.04,-19.55,169.2667,26.04,81,11,1.7,VU,1649795280
San Joaquin,14.89,37.9333,-121.3011,16.29,26,0,4.12,US,1649795281
Winnemucca,4.03,40.973,-117.7357,4.03,30,100,3.6,US,1649795281
Dāmghān,22.28,36.1683,54.348,22.28,14,98,1.5,IR,1649795282
Kargasok,-0.17,59.0556,80.8572,-0.17,99,100,1.74,RU,1649795282
Grindavik,6.26,63.8424,-22.4338,6.97,75,40,2.06,IS,1649794743
Lichinga,19.05,-13.3128,35.2406,19.05,94,40,5.14,MZ,1649795283
Yuxia,9.34,34.0615,108.6291,9.34,50,12,1.72,CN,1649795283
Nambour,19.6,-26.6333,152.95,20.48,95,84,0.89,AU,1649795284
Uyovu,18.81,-3.2833,31.5258,18.81,84,56,1.85,TZ,1649795284
Tshikapa,24.12,-6.4167,20.8,24.12,74,24,1.07,CD,1649795000
Jaqué,28.48,7.5175,-78.1703,28.48,79,99,0.7,PA,1649795285
Mujiayingzi,3.17,42.1167,118.7833,3.17,27,47,1.16,CN,1649795285
Goma,17.32,-1.6792,29.2228,17.32,89,96,1.27,CD,1649795286
Klichka,-3.31,50.4457,117.996,-3.31,58,62,1.22,RU,1649795286
Luzhany,3.61,48.3649,25.7717,3.61,68,8,2.73,UA,1649795287
Halifax,7.43,44.6453,-63.5724,9.18,85,100,5.66,CA,1649795218
Prince Albert,-6.03,53.2001,-105.7677,-6.03,58,100,2.57,CA,1649794987
Huron,19.28,41.1501,-82.5499,22.04,55,16,2.06,US,1649795287
Mlalo,23.96,-4.9333,38.9333,23.96,91,100,2.36,TZ,1649795288
Mahajanga,27.43,-15.7167,46.3167,27.43,62,74,6.43,MG,1649794749
Emerald,19.08,-23.5333,148.1667,19.08,82,0,1.54,AU,1649795288
Boden,0.0,65.8252,21.6886,0.0,97,100,0.68,SE,1649795289
Lao Cai,22.37,22.4833,103.95,22.37,82,0,0.33,VN,1649795289
Vylok,3.91,48.1092,22.8387,4.01,68,4,1.64,UA,1649794840
